OracleUnitId,Name,ForceOrderPath
400000,قيادة قوات الدفاع الجوي,/
482456,هيئة أدارة قوات الدفاع الجوي,/01
487497,ادارة الاتصالات وتقنيةالمعلومات بقوات الدفاع الجوي,/02
482457,ادارة الشرطة العسكرية لقوات الدفاع الجوي,/03
482459,هيئة استخبارات وأمن قوات الدفاع الجوي,/04
482460,هيئة عمليات قوات الدفاع الجوي,/05
483683,مركز قيادة قوات الدفاع الجوي,/05/01
482461,هيئة امدادات وتموين قوات الدفاع الجوي,/06
483621,قاعدة الامداد والتموين بالرياض,/06/01
482565,قاعدةالامداد والتموين بجدة,/06/02
482462,ادارة تدريب قوات الدفاع الجوي,/07
482463,ادارة الاتصالات الالكترونية لقوات الدفاع الجوي,/08
482464,ادارة التفتيش والتقييم لقوات الدفاع الجوي,/09
482465,ادارة مشاريع قوات الدفاع الجوي,/10
482466,الادارة الهندسية والاشغال لقوات الدفاع الجوي,/11
484266,قسم الادارة الهندسية والاشغال بقيادة قوات الدفاع الجوي,/11/01
482468,ادارة شئون ضباط قوات الدفاع الجوي,/12
482469,ادارة الشئون الدينية لقوات الدفاع الجوي,/13
482470,ادارةالعلاقات العامة والتوجيه المعنوي لقوات الدفاع الجوي,/14
482471,ادارة تقنية المعلومات لقوات الدفاع الجوي,/15
484259,ادارة التخطيط والميزانية والمتابعة لقوات الدفاع الجوي,/16
483620,سريةالشرطةالعسكريةبقيادةقوات الدفاع الجوي,/17
480207,قيادة مجموعة الدفاع الجوي الاولى,/18
489383,السرية (201) ثاد مج د/جو (1),/18/01
483078,قيادةالكتيبة(104)بيتريوت مج د/جو(1),/18/01
488166,السرية(280)بيتريوت الكتيبة(104)مج د/جو(1),/18/01/01
488167,السرية(281)بيتريوت الكتيبة(104)مج د/جو(1),/18/01/02
488168,السرية(282)بيتريوت الكتيبة(104)مج د/جو(1),/18/01/03
480197,قيادةالكتيبة(130)مج د/جو(1),/18/02
488220,السرية(246)هوك الكتيبة(130)مج د/جو(1),/18/02/01
488221,السرية(460)سكاي قاردالكتيبة(130)مج د/جو(1),/18/02/02
488222,السرية(461)سكاي قاردالكتيبة(130)مج د/جو(1),/18/02/03
484872,قيادةالكتيبة(132)مج د/جو(1),/18/03
488223,السرية(234)هوك الكتيبة(132)مج د/جو(1),/18/03/01
488224,السرية(371)كروتال الكتيبة(132)مج د/جو(1),/18/03/02
488225,السرية(380)كروتال الكتيبة(132)مج د/جو(1),/18/03/03
489190,قيادة الكتيبة(140) مج د/جو(1),/18/04
480266,السرية(242)هوك الكتيبة(140) مج د/جو(1),/18/04/01
488635,السرية(602)أدريان الكتيبة(140) مج د/جو(1),/18/04/02
488637,السرية(603)أدريان الكتيبة(140) مج د/جو(1),/18/04/03
489205,قيادة الكتيبة (160) بانتسير مج د/جو(1),/18/05
489206,السرية (331) بانتسير الكتيبة(160) مج د/جو(1),/18/05/01
489207,السرية (332) بانتسير الكتيبة(160) مج د/جو(1),/18/05/02
489208,السرية (333) بانتسير الكتيبة (160) مج د/جو (1),/18/05/03
488796,السرية(651) سايلنت هنتر مج د/جو(1),/18/06
418700,الصيانةالفرعية مج د/جو(1),/18/08
481383,فرع الادارة الهندسية والاشغال مج د/جو(1),/18/09
481155,سريةالتعويض مج د/جو(1),/18/10
480209,سرية الشرطة العسكرية بالمجموعة الاولى,/18/12
480208,مركز عمليات مجموعة الدفاع الجوي الاولى,/18/13
480210,المجلس العسكري بالمجموعة الاولى,/18/14
486701,وحدة المراجعة الداخلية,/19
480204,قيادة مجموعة الدفاع الجوي الثانية,/21
484265,قيادةالكتيبة(106)بيتريوت مج د/جو(2),/21/01
488172,السرية(286)بيتريوت الكتيبة(106)مج د/جو(2),/21/01/01
488173,السرية(287)بيتريوت الكتيبة(106)مج د/جو(2),/21/01/02
488174,السرية(288)بيتريوت الكتيبة(106)مج د/جو(2),/21/01/03
481551,قيادةالكتيبة(139)كروتال مج د/جو(2),/21/02
488404,السرية(372)كروتال الكتيبة(139)مج د/جو(2),/21/02/01
488405,السرية(373)كروتال الكتيبة(139)مج د/جو(2),/21/02/02
488406,السرية(374)كروتال الكتيبة(139)مج د/جو(2),/21/02/03
480557,قيادةالكتيبة(120)مج د/جو(2),/21/03
488401,السرية(248)هوك الكتيبة(120)مج د/جو(2),/21/03/01
488402,السرية(483)سكاي قارد الكتيبة(120)مج د/جو(2),/21/03/02
488403,السرية(484)سكاي قارد الكتيبة(120)مج د/جو(2),/21/03/03
481552,قيادةالكتيبة(145)مج د/جو(2),/21/04
488409,السرية(251)هوك الكتيبة(145)مج د/جو(2),/21/04/01
488410,السرية(480)سكاي قاردالكتيبة(145)مج د/جو(2),/21/04/02
488411,السرية(495)سكاي قاردالكتيبة(145)مج د/جو(2),/21/04/03
489325,قيادة الكتيبة (142) مج د/جو(2),/21/05
420033,السرية(233)هوك الكتيبة (142) مج د/جو(2),/21/05/01
420036,السرية(236)هوك الكتيبة (142) مج د/جو(2),/21/05/02
488609,السرية(601)أدريان الكتيبة (142) مج د/جو(2),/21/05/03
488599,السرية(485)سكاي قارد-3 مج د/جو(2),/21/06
488799,السرية(654) سايلنت هنتر مج د/جو(2),/21/10
480642,الصيانة الفرعية مج د/جو(2),/21/11
484245,قسم الادارة الهندسية والاشغال مج د/جو(2),/21/12
481390,مكتب الادارة الهندسية والاشغال بينبع مج د/جو(2),/21/13
481157,سريةالتعويض مج د/جو(2),/21/14
480202,سرية الشرطة العسكرية بالمجموعة الثانية,/21/15
480203,مركز عمليات مجموعة الدفاع الجوي الثانية,/21/16
480201,المجلس العسكري بالمجموعة الثانية,/21/17
489709,السرية(204)ثاد مج د/جو(2),/21/18
430000,قيادة مجموعة الدفاع الجوي الثالثة,/22
431700,قيادة الكتيبة(117)مج د/جو(3),/22/01
488423,السرية(249)هوك الكتيبة(117)مج د/جو(3),/22/01/01
488424,السرية(493)سكاي قارد الكتيبة(117)مج د/جو(3),/22/01/02
488425,السرية(494)سكاي قارد الكتيبة(117)مج د/جو(3),/22/01/03
431900,قيادة الكتيبة(119)مج د/جو(3),/22/02
488426,السرية(247)هوك الكتيبة(119)مج د/جو(3),/22/02/01
488427,السرية(491)سكاي قارد الكتيبة(119)مج د/جو(3),/22/02/02
488428,السرية(492)سكاي قارد الكتيبة(119)مج د/جو(3),/22/02/03
483899,قيادةالكتيبة(105)بيتريوت مج د/جو(3),/22/03
488169,السرية(283)بيتريوت الكتيبة(105)مج د/جو(3),/22/03/01
488170,السرية(284)بيتريوت الكتيبة(105)مج د/جو(3),/22/03/02
488171,السرية(285)بيتريوت الكتيبة(105)مج د/جو(3),/22/03/03
480430,قيادة الكتيبة(134)مج د/جو(3),/22/04
488429,السرية (304) شاهين الكتيبة (134) مج د/جو (3),/22/04/01
488430,السرية(305)شاهين الكتيبة(134)مج د/جو(3),/22/04/02
488431,السرية (306) شاهين الكتيبة (134) مج د/جو (3),/22/04/03
489567,السرية(304)شيكراالكتيبة(134)مج د/جو(3),/22/04/04
489568,السرية(306)شيكراالكتيبة(134)مج د/جو(3),/22/04/05
489484,قيادة الكتيبة (144) مج د/جو(3),/22/05
488798,السرية(653) سايلنت هنتر الكتيبة(144) مج د/جو(3).,/22/05/01
488791,السرية(604)أدريان الكتيبة(144) مج د/جو(3),/22/05/02
488091,السرية(503)صواريخ فردية الكتيبة(144) مج د/جو(3),/22/05/03
482143,قيادة الكتيبة(147)مج د/جو(3),/22/06
488432,السرية(252)هوك الكتيبة(147)مج د/جو(3),/22/06/01
488433,السرية(450)سكاي قارد الكتيبة(147)مج د/جو(3),/22/06/02
488434,السرية(451)سكاي قارد الكتيبة(147)مج د/جو(3),/22/06/03
483433,السرية (252) هوك مج د/جو (3),/22/07
489005,سرية النقل مج د/جو(3),/22/11
481384,فرع الادارة الهندسية والاشغال مج د/جو(3),/22/12
438700,الصيانة الفرعية مج د/جو(3),/22/13
481156,سرية التعويض  مج د/جو(3),/22/14
430002,مركز عمليات المجموعة الثالثة,/22/15
430001,سرية الشرطة العسكرية بالمجموعة الثالثة,/22/16
430003,المجلس العسكري بالمجموعة الثالثة,/22/17
440000,قيادة مجموعة الدفاع الجوي الرابعة,/23
488149,قيادةالكتيبة(107)بيتريوت مج د/جو(4),/23/01
488150,السرية(289)بيتريوت الكتيبة(107)مج د/جو(4),/23/01/01
488151,السرية(290)بيتريوت الكتيبة(107)مج د/جو(4),/23/01/02
488152,السرية(291)بيتريوت الكتيبة(107)مج د/جو(4),/23/01/03
442600,قيادةالكتيبة(126)سكاي قارد-3 مج د/جو(4),/23/02
488459,السرية(457)سكاي قارد الكتيبة(126)مج د/جو(4),/23/02/01
488460,السرية(458)سكاي قارد الكتيبة(126)مج د/جو(4),/23/02/02
488461,السرية(459)سكاي قارد الكتيبة(126)مج د/جو(4),/23/02/03
442700,قيادةالكتيبة(127)مج د/جو(4),/23/03
488462,السرية(239)هوك الكتيبة(127)مج د/جو(4),/23/03/01
488463,السرية(466)سكاي قارد الكتيبة(127)مج د/جو(4),/23/03/02
488464,السرية(467)سكاي قارد الكتيبة(127)مج د/جو(4),/23/03/03
442800,قيادةالكتيبة(128)مج د/جو(4),/23/04
488465,السرية(317)شاهين الكتيبة(128)مج د/جو(4),/23/04/01
488466,السرية(496)سكاي قارد الكتيبة(128)مج د/جو(4),/23/04/02
488467,السرية(497)سكاي قارد الكتيبة(128)مج د/جو(4),/23/04/03
488121,قيادةالكتيبة(137)سكاي قارد-3 مج د/جو(4),/23/05
488468,السرية(456)سكاي قارد الكتيبة(137)مج د/جو(4),/23/05/01
488469,السرية(464)سكاي قارد الكتيبة(137)مج د/جو(4),/23/05/02
488470,السرية(465)سكاي قارد الكتيبة(137)مج د/جو(4),/23/05/03
480558,قيادةالكتيبة(138)مج د/جو(4),/23/06
488471,السرية (307) شاهين الكتيبة (138) مج د/جو (4),/23/06/01
489581,السرية(307)شيكراالكتيبة(138)مج د/جو(4),/23/06/02
488472,السرية (308) شاهين الكتيبة (138) مج د/جو (4),/23/06/03
489582,السرية(308)شيكراالكتيبة(138)مج د/جو(4),/23/06/04
488473,السرية(309)شاهين الكتيبة(138)مج د/جو(4),/23/06/05
489603,السرية(309)شيكرا الكتيبة(138)مج د/جو(4),/23/06/06
481272,قيادةالكتيبة(141)مج د/جو(4),/23/07
488474,السرية(314)شاهين الكتيبة(141)مج د/جو(4),/23/07/01
488475,السرية(431)30ملم الكتيبة(141)مج د/جو(4),/23/07/02
488476,السرية(432)30ملم الكتيبة(141)مج د/جو(4),/23/07/03
461335,قيادةالكتيبة(143)مج د/جو(4),/23/08
488477,السرية(315)شاهين الكتيبة(143)مج د/جو(4),/23/08/01
488478,السرية(433)30ملم الكتيبة(143)مج د/جو(4),/23/08/02
488479,السرية(434)30ملم الكتيبة(143)مج د/جو(4),/23/08/03
488420,قيادةالكتيبة(151)صواريخ فردية مج د/جو(4),/23/09
488447,السرية(507)صواريخ فرديةالكتيبة(151)مج د/جو(4),/23/09/01
488448,السرية(508)صواريخ فرديةالكتيبة(151)مج د/جو(4),/23/09/02
488449,السرية(509)صواريخ فرديةالكتيبة(151)مج د/جو(4),/23/09/03
482480,السرية (239) هوك مج د/جو (4),/23/10
482819,السرية(498)سكاي قارد-1مج د/جو(4),/23/11
488797,السرية(652) سايلنت هنتر مج د/جو(4),/23/12
489006,سرية النقل مج د/جو(4),/23/13
448700,الصيانه الفرعيه مج د/جو(4),/23/14
484234,قسم الصيانةالمتقدم بشرورة مج د/جو(4),/23/15
488965,قسم الصيانة المتقدمة بجازان مج د/جو(4),/23/16
481385,فرع الادارة الهندسية والاشغال مج د/جو(4),/23/17
483210,مكتب الادارة الهندسية والاشغال بشرورة مج د/جو(4),/23/18
488966,مكتب الادارة الهندسية والاشغال بجازان مج د/جو(4),/23/19
486709,ميدان الملك سلمان لتدريب ورماية أنظمة الدفاع الجوي,/23/20
481158,سريةالتعويض  مج د/جو(4),/23/21
440002,مركز عمليات مجموعة الدفاع الجوي الرابعة,/23/22
440001,سرية الشرطة العسكرية بالمجموعة الرابعة,/23/23
440003,المجلس العسكري بالمجموعة الرابعة,/23/24
450000,قيادة مجموعة الدفاع الجوي الخامسة,/24
485739,قيادة لواء الدفاع الجوي الاول مج د/جو(5),/24/01
485860,قيادةالكتيبة(116)اللواءالأول مج د/جو(5),/24/01/01
488199,السرية(378)كروتال الكتيبة(116)اللواءالأول,/24/01/01/01
488200,السرية(478)سكاي قارد-3 الكتيبة(116)اللواءالأول,/24/01/01/02
488201,السرية(479)سكاي قارد-3 الكتيبة(116)اللواءالأول,/24/01/01/03
452100,قيادةالكتيبة(121)اللواءالأول مج د/جو(5),/24/01/02
488202,السرية(243)هوك الكتيبة(121)اللواءالأول,/24/01/02/01
488203,السرية(470)سكاي قارد-3 الكتيبة(121)اللواءالأول,/24/01/02/02
488204,السرية(471)سكاي قارد الكتيبة(121)اللواءالأول,/24/01/02/03
452200,قيادةالكتيبة(122)اللواءالأول مج د/جو(5),/24/01/03
488205,السرية(244)هوك الكتيبة(122)اللواءالأول,/24/01/03/01
488206,السرية(468)سكاي قارد-3 الكتيبة(122)اللواءالأول,/24/01/03/02
488207,السرية(469)سكاي قارد-3 الكتيبة(122)اللواءالأول,/24/01/03/03
485861,كتيبة الاسناد الاداري اللواء الاول مج د/جو(5),/24/01/04
482178,قيادةالكتيبة(101)بيتريوت مج د/جو(5),/24/02
488155,السرية(271)بيتريوت الكتيبة(101)مج د/جو(5),/24/02/01
488156,السرية(272)بيتريوت الكتيبة(101)مج د/جو(5),/24/02/02
488157,السرية(273)بيتريوت الكتيبة(101)مج د/جو(5),/24/02/03
482299,قيادةالكتيبة(102)بيتريوت مج د/جو(5),/24/03
488159,السرية(274)بيتريوت الكتيبة(102)مج د/جو(5),/24/03/01
488160,السرية(275)بيتريوت الكتيبة(102)مج د/جو(5),/24/03/02
488161,السرية(276)بيتريوت الكتيبة(102)مج د/جو(5),/24/03/03
488480,قيادةالكتيبة(108)مج د/جو(5),/24/04
488481,السرية(292)بيتريوت الكتيبة(108)مج د/جو(5),/24/04/01
488482,السرية(293)بيتريوت الكتيبة(108)مج د/جو(5),/24/04/02
488483,السرية(294)بيتريوت الكتيبة(108)مج د/جو(5),/24/04/03
451800,قيادةالكتيبة(118)مج د/جو(5),/24/05
488209,السرية(250)هوك الكتيبة(118)مج د/جو(5),/24/05/01
488210,السرية(476)سكاي قارد-3 الكتيبة(118)مج د/جو(5),/24/05/02
488211,السرية(477)سكاي قارد-3 الكتيبة(118)مج د/جو(5),/24/05/03
452300,قيادةالكتيبة(123)مج د/جو(5),/24/06
488175,السرية(237)هوك الكتيبة(123)مج د/جو(5),/24/06/01
488176,السرية(474)سكاي قارد-3 الكتيبة(123)مج د/جو(5),/24/06/02
488177,السرية(475)سكاي قارد-3 الكتيبة(123)مج د/جو(5),/24/06/03
452400,قيادةالكتيبة(124)مج د/جو(5),/24/07
488178,السرية(241)هوك الكتيبة(124)مج د/جو(5),/24/07/01
488179,السرية(375)كروتال الكتيبة(124)مج د/جو(5),/24/07/02
488180,السرية(472)سكاي قارد-3 الكتيبة(124)مج د/جو(5),/24/07/03
480252,قيادةالكتيبة(131)شيكرا مج د/جو(5),/24/08
488212,السرية (301) شاهين الكتيبة (131) مج د/جو(5),/24/08/01
488213,السرية (302) شاهين الكتيبة (131) مج د/جو(5),/24/08/02
488214,السرية (303) شاهين الكتيبة (131) مج د/جو(5),/24/08/03
489483,السرية(301)شيكراالكتيبة(131) مج د/جو (5),/24/08/04
489500,السرية(302)شيكراالكتيبة(131)مج د/جو(5),/24/08/05
489501,السرية (303) شيكرا الكتيبة (131) مج د/جو (5),/24/08/06
485443,قيادةالكتيبة(133)مج د/جو (5),/24/09
488181,السرية(232)هوك الكتيبة(133)مج د/جو(5),/24/09/01
488182,السرية(379)كروتال الكتيبة(133)مج د/جو(5),/24/09/02
488183,السرية(473)سكاي قارد-3 الكتيبة(133)مج د/جو(5),/24/09/03
450076,السرية(376) كروتال مج د/جو(5),/24/10
489482,السرية (202) ثاد مج د/جو(5),/24/10
450077,السرية(377) كروتال مج د/جو(5),/24/11
488792,السرية(605)أدريان مج د/جو(5),/24/12
488800,السرية(655) سايلنت هنتر مج د/جو(5),/24/13
489004,سرية النقل مج د/جو(5),/24/14
458700,الصيانةالفرعية مج د/جو(5),/24/15
480198,قسم الصيانةالمتقدم بالجبيل مج د/جو(5),/24/16
481386,فرع الادارة الهندسية والاشغال مج د/جو(5),/24/17
483073,قسم الادارةالهندسية والاشغال الظهران مج د/جو(5),/24/18
481389,مكتب الادارةالهندسية والاشغال راس  مشعاب مج د/جو(5),/24/19
481160,سرية التعويض  مج د/جو(5),/24/20
450002,مركز عمليات مجموعة الدفاع الجوي الخامسة,/24/21
450001,سرية الشرطة العسكرية بالمجموعة الخامسة,/24/22
450003,المجلس العسكري بالمجموعة الخامسة,/24/23
489523,السرية (203) ثاد مج د/ جو (5),/24/24
480309,قيادة مجموعة الدفاع الجوى السادسة,/25
486609,قيادة لواء الدفاع الجوي الثالث مج د/جو(6),/25/01
402500,قيادةالكتيبة(125)اللواءالثالث مج د/جو(6),/25/01/01
488435,السرية(238)هوك الكتيبة(125)مج د/جو(6),/25/01/01/01
488436,السرية(487)سكاي قارد الكتيبة(125)مج د/جو(6),/25/01/01/02
488437,السرية(488)سكاي قارد الكتيبة(125)مج د/جو(6),/25/01/01/03
480166,قيادة الكتيبة(129)اللواءالثالث مج د/جو(6),/25/01/02
488438,السرية(245)هوك الكتيبة(129)مج د/جو(6),/25/01/02/01
488439,السرية(481)سكاي قارد الكتيبة(129)مج د/جو(6),/25/01/02/02
488440,السرية(482)سكاي قارد الكتيبة(129)مج د/جو(6),/25/01/02/03
481304,قيادةالكتيبة(136)شاهين اللواءالثالث مج د/جو6,/25/01/03
488441,السرية(311)شاهين الكتيبة(136)مج د/جو(6),/25/01/03/01
488442,السرية(312)شاهين الكتيبة(136)مج د/جو(6),/25/01/03/02
488443,السرية(313)شاهين الكتيبة(136)مج د/جو(6),/25/01/03/03
482902,قيادةالكتيبة(103)بيتريوت مج د/جو(6),/25/02
488163,السرية(277)بيتريوت الكتيبة(103)مج د/جو(6),/25/02/01
488164,السرية(278)بيتريوت الكتيبة(103)مج د/جو(6),/25/02/02
488165,السرية(279)بيتريوت الكتيبة(103)مج د/جو(6),/25/02/03
488128,قيادةالكتيبة(153)صواريخ فردية مج د/جو(6),/25/03
488444,السرية(504)صواريخ فرديةالكتيبة(153)مج د/جو(6),/25/03/01
488445,السرية(505)صواريخ فرديةالكتيبة(153)مج د/جو(6),/25/03/02
488446,السرية(506)صواريخ فرديةالكتيبة(153)مج د/جو(6),/25/03/03
481387,فرع الادارة الهندسية والاشغال مج د/جو(6),/25/04
480251,الصيانةالفرعية مج د/جو(6),/25/05
481159,سرية التعويض  مج د/جو(6),/25/06
480303,المجلس العسكري بالمجموعة السادسة,/25/07
480302,مركز عمليات مجموعة الدفاع الجوي السادسة,/25/08
480301,سرية الشرطة العسكرية بالمجموعة السادسة,/25/09
480268,مركز ومدرسة قوات الدفاع الجوي,/26
427010,طلبه مركز ومدرسة قوات الدفاع الجوي,/26/01
481391,قسم الادارةالهندسية والاشغال بمركز ومدرسة قوات الدفاع الجوي,/26/02
427000,معهد قوات الدفاع الجوي,/27
481388,فرع الادارة الهندسية والاشغال لمعهد قوات الدفاع الجوي,/27/01
428700,قاعدة الصيانة والاسناد الفني لقوات الدفاع الجوي,/29
486710,مدرسة الادارة والتموين لقوات الدفاع الجوي,/30
483618,كلية الملك عبدالله للدفاع الجوي,/31
482467,الإدارة العامة للشئون المالية والإدارية,/32
